{
  "sent_pos": {
    "mean": 0.002049431227588683,
    "std": 0.004628991367923589
  },
  "sent_neg": {
    "mean": 0.003504567980318174,
    "std": 0.00796197665065409
  },
  "sent_neu": {
    "mean": 0.9944460007920931,
    "std": 0.012459672793103945
  },
  "sent_net": {
    "mean": -0.0014551367527294756,
    "std": 0.0037944459975772374
  },
  "n_filings": {
    "mean": 0.017435897435897435,
    "std": 0.1375745569186908
  }
}