{
  "sec_emb_000": {
    "mean": -0.03890712595692309,
    "std": 5.175070604655879
  },
  "sec_emb_001": {
    "mean": 0.0998331151243591,
    "std": 2.5187508409503097
  },
  "sec_emb_002": {
    "mean": 0.039138774106666725,
    "std": 2.273042859990077
  },
  "sec_emb_003": {
    "mean": 0.044875494009192274,
    "std": 1.740572971923544
  },
  "sec_emb_004": {
    "mean": 0.034361845432692335,
    "std": 1.338478975726136
  },
  "sec_emb_005": {
    "mean": 0.03245846864974358,
    "std": 1.1086996562717393
  },
  "sec_emb_006": {
    "mean": 0.016560240677743608,
    "std": 0.9494467531884866
  },
  "sec_emb_007": {
    "mean": -0.021653974318205108,
    "std": 0.7750357739892203
  },
  "sec_emb_008": {
    "mean": -0.0009949158059743522,
    "std": 0.7013098566238405
  },
  "sec_emb_009": {
    "mean": -0.005697930820769229,
    "std": 0.5623857009985002
  },
  "sec_emb_010": {
    "mean": 0.0030417994514102403,
    "std": 0.4604409152601656
  },
  "sec_emb_011": {
    "mean": 0.005106790164051285,
    "std": 0.42390251371478554
  },
  "sec_emb_012": {
    "mean": -0.00635494421007693,
    "std": 0.4005545707437521
  },
  "sec_emb_013": {
    "mean": -0.0011402161035769245,
    "std": 0.3618876995021409
  },
  "sec_emb_014": {
    "mean": -0.009362735428115394,
    "std": 0.3504034421785799
  },
  "sec_emb_015": {
    "mean": 0.004096457071230768,
    "std": 0.33147915926420535
  },
  "sec_emb_016": {
    "mean": -0.007618056184012834,
    "std": 0.27766991406992764
  },
  "sec_emb_017": {
    "mean": -0.002209707409625646,
    "std": 0.28167179179086155
  },
  "sec_emb_018": {
    "mean": -0.0028206989458192254,
    "std": 0.2732491888631252
  },
  "sec_emb_019": {
    "mean": -0.0007911680956410276,
    "std": 0.2583115488627943
  },
  "sec_emb_020": {
    "mean": -0.004920674493961544,
    "std": 0.24455992881031743
  },
  "sec_emb_021": {
    "mean": -0.00032081141084871546,
    "std": 0.233294448896271
  },
  "sec_emb_022": {
    "mean": 0.0036284579183076897,
    "std": 0.21634014516503722
  },
  "sec_emb_023": {
    "mean": 0.0004387224307564079,
    "std": 0.20187652328531844
  },
  "sec_emb_024": {
    "mean": -0.004802559639079484,
    "std": 0.18986067774118562
  },
  "sec_emb_025": {
    "mean": 0.003201540213538459,
    "std": 0.1830029044914472
  },
  "sec_emb_026": {
    "mean": 0.002128889198910259,
    "std": 0.17885256530900867
  },
  "sec_emb_027": {
    "mean": -0.004413268103371786,
    "std": 0.16485071269104726
  },
  "sec_emb_028": {
    "mean": -0.0010569406431923092,
    "std": 0.16131655528461977
  },
  "sec_emb_029": {
    "mean": 0.004930643243692311,
    "std": 0.15240268072891996
  },
  "sec_emb_030": {
    "mean": -0.0007276192120307712,
    "std": 0.1425375166377869
  },
  "sec_emb_031": {
    "mean": -0.0010703736981794876,
    "std": 0.13088907507762487
  },
  "sec_emb_032": {
    "mean": 0.0011694869698948703,
    "std": 0.11834870153199607
  },
  "sec_emb_033": {
    "mean": 0.002213591365153847,
    "std": 0.11998725677530434
  },
  "sec_emb_034": {
    "mean": 0.001486151786435895,
    "std": 0.11504078766631186
  },
  "sec_emb_035": {
    "mean": -0.0014419829612810238,
    "std": 0.11072497913649793
  },
  "sec_emb_036": {
    "mean": 0.0009634550161282053,
    "std": 0.10712542509563311
  },
  "sec_emb_037": {
    "mean": 0.0014500700397051252,
    "std": 0.10255815826768219
  },
  "sec_emb_038": {
    "mean": 0.0008983983481923046,
    "std": 0.10255601910751037
  },
  "sec_emb_039": {
    "mean": -0.0022200357454999994,
    "std": 0.09640424160965093
  },
  "sec_emb_040": {
    "mean": 0.0007427209133333353,
    "std": 0.09649037885923832
  },
  "sec_emb_041": {
    "mean": -0.00024604325503333325,
    "std": 0.0873336598793646
  },
  "sec_emb_042": {
    "mean": -0.0006112338033307694,
    "std": 0.08493738243214378
  },
  "sec_emb_043": {
    "mean": 0.00041349697217948726,
    "std": 0.08295261085103738
  },
  "sec_emb_044": {
    "mean": 0.00011040737707051544,
    "std": 0.08194205296634535
  },
  "sec_emb_045": {
    "mean": 0.000281863021051282,
    "std": 0.08266014665581634
  },
  "sec_emb_046": {
    "mean": 0.00035136526443333484,
    "std": 0.0770642550164561
  },
  "sec_emb_047": {
    "mean": -0.0005941109586666675,
    "std": 0.07659596406099775
  },
  "sec_emb_048": {
    "mean": -0.0007213042900192299,
    "std": 0.07219376516052467
  },
  "sec_emb_049": {
    "mean": -0.0007092595605538458,
    "std": 0.07221025866902117
  },
  "sec_emb_050": {
    "mean": -0.000401392715562819,
    "std": 0.0711827201024224
  },
  "sec_emb_051": {
    "mean": -0.0003427584821328221,
    "std": 0.07027100000989846
  },
  "sec_emb_052": {
    "mean": 0.00015061957355128332,
    "std": 0.06912427211045749
  },
  "sec_emb_053": {
    "mean": -0.00011699821664615538,
    "std": 0.06784327250400211
  },
  "sec_emb_054": {
    "mean": 0.0001870394749423068,
    "std": 0.06515041038696887
  },
  "sec_emb_055": {
    "mean": -0.0014278424013589746,
    "std": 0.06317318367344828
  },
  "sec_emb_056": {
    "mean": -5.599908806410042e-05,
    "std": 0.061384814710631376
  },
  "sec_emb_057": {
    "mean": -0.001755596726920511,
    "std": 0.0581274006062535
  },
  "sec_emb_058": {
    "mean": -2.757515239487031e-05,
    "std": 0.058108734562976244
  },
  "sec_emb_059": {
    "mean": 0.0009747141258153833,
    "std": 0.05539171488637976
  },
  "sec_emb_060": {
    "mean": -0.0005234961003730761,
    "std": 0.05459784436172249
  },
  "sec_emb_061": {
    "mean": -0.0003106604997282052,
    "std": 0.052517359853167536
  },
  "sec_emb_062": {
    "mean": 0.0004350051535641036,
    "std": 0.05153262585962777
  },
  "sec_emb_063": {
    "mean": 0.0004659256938756413,
    "std": 0.050303176476223364
  },
  "sec_days_since_filing": {
    "mean": 69.31628205128204,
    "std": 153.27583010334396
  },
  "sec_recent_filing_flag_30d": {
    "mean": 0.3482051282051282,
    "std": 0.47640142411287817
  }
}